exp_id,model,hit@k,ndcg@k
20250517_205500,hybrid,0.027868852459016394,0.013605030053192618
