exp_id,model,hit@k,ndcg@k
20250517_205410,bert,0.01639344262295082,0.008104458952163936
